id,name
1,A. Rafanelli
2,Den Hoed
3,J. Bookwalter
4,Continuum
5,Domaine Drouhin
6,Caprio Cellars
7,Star Lane Vineyard
8,Palmaz Vineyards
9,Duckhorn
10,Brian Benson Cellars
11,Domaine de Rancy
12,Waters
13,Outpost
14,Château Fuisse
15,Beaux Frères
16,Patterson Cellars
17,Montes
18,Patrick & Christophe Bonnefond
19,Maison Roy & Fils
20,Alain Jeanniard
21,Henriot
22,Ehlers Estate
23,Côte Bonneville
24,Spottswoode
25,Doubleback
26,Giovanni Rosso
27,Va Piano
28,Agricola San Felice
29,Château d'Orignac
30,Château de Beaucastel
31,Woodward Canyon
32,Signorello
33,La Bastide Blanche
34,Leonetti
35,The Napa Valley Reserve
36,Cayuse
37,Domaine des Sénéchaux
38,Château Sociando-Mallet
39,Adami
40,Domaine Agape
41,Pierre-Marie Chermette
42,Ledbetter
43,Coattails
44,Gustave Lorentz
45,Domaine des Lambrays
46,Domaine Serene
47,Sloan
48,Beringer Vineyards
49,Château Mouton Rothschild
50,Château d'Yquem
51,Argiano
52,Domaine Bernard & Thierry Glantenay
53,Colgin
54,Château La Prade
55,Domaine de Triennes
56,Domini Veneti
57,Inniskillin
58,Cameron
59,Passing Time
60,Achával-Ferrer
61,Domaine Rieflé
62,Mt. Brave
63,Goldeneye
64,Château Pontet-Canet
65,Dance Cellars
66,Domaine Rémi Jobard
67,W.T. Vintners
68,Dusky Goose
69,Patricia Green Cellars
70,Quintessa
71,Fisher Vineyards
72,Honig
73,Schoffit
74,Knudsen Vineyards
75,Mount Veeder Winery
76,Hospices de Beaune
77,Château Pichon-Longueville Baron
78,Jarvis Winery
79,Joseph Drouhin
80,Chappellet
81,Quilceda Creek
82,Darioush
83,Château Bellegrave
84,Domaine Michel Juillot
85,Domaine Charvin
86,Gunderloch
87,Pascal & Nicolas Reverdy
88,Clos Saint Jean
89,Newton
90,Antinori
91,Opus One
92,Giacomo Borgogno & Figli
93,Soter
94,Castello di Ama
95,Château Gloria
96,Three Rivers Winery
97,Corliss
98,Domaine Philippe Charlopin
99,Robert Foley
100,Domaine la Barroche
101,Maison Sichel
102,William Fèvre
103,Ramey
104,Barons Winery
105,Avennia
106,Groth
107,Ixsir
108,Château Cantenac Brown
109,Domaine Magdalena
110,Domaine de Ferrand
111,L'Ecole No. 41
112,Travaglini
113,M. Chapoutier
114,Staglin Family Vineyard
115,Chateau Montelena
116,Montepeloso
117,Château Picque Caillou
118,Arietta
119,Peter Michael
120,Gallica
121,Domaine Philippe & Vincent Jaboulet
122,Cristom
123,Lachini
124,Windward Vineyard
125,Château Smith Haut Lafitte
126,Tranche
127,Domaine Font de Michelle
128,Királyudvar
129,Giuseppe E Figlio Mascarello
130,Catherine et Pascal Rollet
131,Señorío de P. Peciña Crianza
132,Domaine Vincent et Francois Jouard
133,Seven Hills Winery
134,Dunn Vineyards
135,Garrison Creek Cellars
136,Domaine Louis Boillot et Fils
137,Bertani
138,Chapter 24 Vineyards
139,Marchesi Mazzei
140,Poggio Antico
141,Horsepower
142,Ridge
143,Figgins
144,Apolloni
145,Laurent-Perrier
146,Prunotto
147,Bouchard Père et Fils
148,Grace Family Vineyards
149,De Ponte Cellars
150,Bodega Catena Zapata
151,Gaja
152,Terlato
153,Diamond Creek
154,Joh. Jos. Prüm
155,Levy & McClellan
156,Domaine Servin
157,Tenuta di Arceno
158,Obsidian Ridge
159,Sea Smoke
160,Coppo
161,Domaine Saint-Damien
162,Château Cap de Mourlin
163,Jean-Philippe Fichet
164,Domaine Weinbach
165,Long Shadows
166,1789 Wines
167,Abeja
168,Bodegas y Viñedos Alión
169,Alter Ego de Palmer
170,Antica
171,Araujo Estate
172,Atlas Peak
173,L. Aubry Fils
174,Badia a Coltibuono
175,Baer Winery
176,Fattoria dei Barbi
177,Barnett Vineyards
178,Barrage Cellars
179,Belle Glos
180,Belle Pente
181,Georges Vigouroux
182,Marchesi de' Frescobaldi
183,Bergström
184,Bryant Family Vineyard
185,Tommaso Bussola
186,Cakebread Cellars
187,Calera
188,Camille Giroud
189,Caymus
190,Cesari
191,Château Clerc Milon
192,Château Lynch-Bages
193,Bodega Chacra
194,Chanson Père & Fils
195,Domaine Joseph Roty
196,Château Belair
197,Château Belregard-Figeac
198,Château Carbonnieux
199,Château de Haute-Serre
200,Château du Tertre
201,Château La Nerthe
202,Château La Tour Blanche
203,Château La Tour de Mons
204,Château Lafite Rothschild
205,Château Latour
206,Château Margaux
207,Château Monbousquet
208,Château Palmer
209,Château Pontac-Lynch
210,Château Rieussec
211,Château Saint Julian
212,Chinook Wines
213,Clos Pegase
214,Coelho Winery
215,Aberrant Cellars
216,Château Cos d'Estournel
217,Château Tirecul La Gravière
218,Delas Frères
219,DeLille Cellars
220,Dievole
221,Domaine de Chevalier
222,Domaine de Cristia
223,Domaine Leflaive
224,Domaine Meriwether
225,Dow's
226,DuMOL
227,Elk Cove Vineyards
228,Fait-Main
229,Fantinel
230,Far Niente
231,Faust
232,Faustino
233,Fidelitas
234,Fleury Estate
235,Forman
236,Freemark Abbey
237,Graham's
238,Gramercy Cellars
239,Podere Forte
240,Harlan Estate
241,Harrison Clarke
242,Heritance
243,Hop Kiln
244,Hourglass
245,Hugel
246,Huntaway
247,Tenimenti d'Alessandro
248,J. K. Carriere
249,JM Cellars
250,Joseph Phelps
251,Justin Vineyards & Winery
252,Karl Lawrence
253,Kermit Lynch Selections
254,Krupp Brothers Estates
255,Le Domaine d'Henri
256,La Marca
257,Le Petit Cheval
258,La Réserve de Léoville Barton
259,Richard Leroy
260,Lewis Cellars
261,Lighthouse Vineyards
262,Azienda Agricola Lohsa
263,Louis Jadot
264,Olivier Merlin
265,Marcassin
266,Margerum
267,Mark Ryan
268,Merus
269,Sadie Family
270,Mi Sueño
271,Mischief and Mayhem
272,Moët & Chandon
273,Morey-Blanc
274,Pahlmeyer
275,Pepper Bridge
276,Pierre Ferrand
277,Società Agricola Eleva
278,Poliziano
279,Pride Mountain Vineyards
280,Promise
281,Castello di Querceto
282,Reynvaan Family Vineyards
283,Robert Craig
284,Robert Mondavi Winery
285,J. Rochioli
286,Charles Smith
287,Saintsbury
288,Schramsberg Vineyards
289,Screaming Eagle
290,Shea Wine Cellars
291,Sheridan Vineyard
292,Silver Oak
293,Stags' Leap Winery
294,Stemilt Creek
295,Stoller
296,Talley Vineyards
297,Taylor Fladgate
298,Prisoner Wine Company
299,Toil
300,Bodega Vistalba
301,Trey Marie
302,Flora Springs
303,Vignobles Charles Tyrand
304,Valdicava
305,Veuve Clicquot Ponsardin
306,Vigna Sancol
307,Cairel
308,La Spinetta
309,Frank Family Vineyards
310,World's End
311,Yann Chave
312,Ken Wright
313,Domaine du Prieuré
314,Jacques Copinet
315,Martell
316,Tenuta dell'Ornellaia
317,Arnaldo-Caprai
318,Kistler
319,Franz Josef Eifel
320,Ermes Pavese
321,Stéphane Vedeau
322,Rôtie Cellars
323,Olivier Leflaive
324,Couloir
325,Fratelli Farina
326,Isenhower Cellars
327,TOR Kenward Family Wines
328,Bruno Giacosa
329,Pence Ranch Winery
330,Serafin Père et Fils
331,Bruno Desaunay-Bissey
332,Nicolas Potel
333,No Girls
334,Williams Selyem
335,Franck Bonville
336,Château de la Crée
337,Nicolas Rossignol
338,Morlet Family Vineyards
339,Château Léoville Barton
340,Fattoria di Fèlsina Berardenga
