id,name,country_id,parentRegion_id
1,Rapel Valley,7,
2,Languedoc Roussillon,4,
3,Tuscany,8,
4,Umbria,8,
5,Ontario,3,
6,Champgne,4,
7,Tokaji,5,
8,California,1,
9,Loire Valley,4,
10,Friuli-Venezia Giulia,8,
11,Provence,4,
12,Oregon,1,
13,Washington,1,
14,Mendoza,9,
15,Rheinhessen,6,
16,Piedmont,8,
17,Veneto,8,
18,Alsace,4,
19,Burgundy,4,
20,La Rioja,2,
21,Mosel Saar Ruwer,6,
22,Bordeaux,4,
23,Rhône,4,
24,Cognac,4,
25,Castilla y León,2,
26,Southwest France,4,
27,Patagonia,9,
28,Douro,10,
29,South Island,11,
30,Coastal Region,12,
31,Valle d'Aosta,8,
32,Colchagua Valley,7,1
33,Chianti,8,3
34,Northern Rhône,4,23
35,Northern Piedmont,8,16
36,Bandol,4,11
37,North Coast,1,8
38,Médoc,4,22
39,Napa Valley,1,8
40,Côte de Nuits,4,19
41,Valpolicella,8,17
42,Willamette Valley,1,12
43,Côte de Beaune,4,19
44,Beaujolais,4,19
45,Graves,4,22
46,Côte Chalonnaise,4,19
47,Chablis,4,19
48,Sonoma County,1,8
49,Sauternais,4,22
50,Sierra Foothills,1,8
51,Mâconnais,4,19
52,Niagara Peninsula,3,5
53,La Rioja Alavesa,2,20
54,Montalcino,8,3
55,Central Coast,1,8
56,Columbia Gorge,1,13
57,Libournais,4,22
58,Upper Loire,4,9
59,Langhe,8,16
60,Roussillon,4,2
61,Southern Rhône,4,23
62,Valle de Uco,9,14
63,Columbia Valley,1,13
64,Río Negro,9,27
65,Napa / Sonoma,1,8
66,Marlborough,11,29
67,Maremma,8,3
68,Stellenbosch,12,30
69,Montepulciano,8,3
70,Alba,8,16
71,Bolgheri,8,3
72,Montefalco,8,4
73,France,4,
