id,name,region_id
103,St. Helena,39
104,Columbia Gorge,13
105,Clos Vougeot Grand Cru,40
106,Moulin-à-Vent,44
107,Happy Canyon of Santa Barbara,55
108,Volnay,43
109,St. Julien,38
110,Paso Robles,55
111,Oakville,39
112,Toscana,3
113,Knights Valley,48
114,Sonoma Mountain,48
115,Beaune 1er Cru,43
116,Colli Orientali del Friuli,10
117,Chianti Classico,33
118,Yamhill-Carlton,42
119,Mazis-Chambertin Grand Cru,40
120,Spätlese,21
121,Auslese,21
122,Oregon,12
123,Anderson Valley,37
124,North Coast,37
125,Pessac-Léognan,45
126,Prosecco Superiore,17
127,Sancerre,58
128,Dry Creek Valley,48
129,Napa Valley,39
130,Mendoza,14
131,Red Hills Lake County,37
132,Haut-Médoc,38
133,Umbria,4
134,Trockenbeerenauslese,15
135,Meursault,43
136,Champagne,6
137,Red Mountain,63
138,Rully,46
139,Horse Heaven Hills,63
140,Clos des Lambrays Grand Cru,40
141,Rivesaltes Ambré,60
142,Puligny-Montrachet 1er Cru,43
143,Bandol,36
144,Crozes-Hermitage,34
145,Bâtard-Montrachet Grand Cru,43
146,Toscana IGT,3
147,Bordeaux Côtes de Francs,38
148,Alsace,18
149,Yakima Valley,63
150,Chambolle-Musigny,40
151,Chablis 1er Cru,47
152,Diamond Mountain,39
153,Pouilly-Fuissé,51
154,Columbia Valley,63
155,Margaux,38
156,Mercurey,46
157,Howell Mountain,39
158,Pomerol,57
159,Pineau des Charentes,24
160,Alsace Grand Cru,18
161,Vosne-Romanée,40
162,Colchagua Valley,32
163,Gigondas,61
165,Sauternes,49
166,Sonoma County,48
167,Ribbon Ridge,42
168,Rioja,53
169,Sonoma Coast,48
170,Rutherford,39
171,Mt. Veeder,39
172,Walla Walla Valley,63
173,St. Émilion Grand Cru,57
174,Niagara Peninsula,52
175,Chehalem Mountains,42
176,Sta. Rita Hills,55
177,Châteauneuf-du-Pape,61
178,Pernand-Vergelesses,43
179,Amarone della Valpolicella Classico,41
180,Amador County,50
181,Willamette Valley,42
182,Dundee Hills,42
183,Mediterranée,11
184,Barolo,59
185,Pauillac,38
186,Côtes du Rhône,61
187,Amity Hills,42
188,Chablis Grand Cru,47
189,Washington,13
190,Chablis,47
191,Condrieu,34
192,Gattinara,35
193,Tokaji,7
194,Côte de Nuits Villages,40
195,Brunello di Montalcino,54
196,Barbaresco,59
197,Clos St. Denis Grand Cru,40
198,Langhe,59
199,Auxey-Duresses,43
200,Bordeaux,22
201,La Consulta,62
202,Ribera del Duero,25
203,Spring Mountain District,39
204,Santa Maria Valley,55
205,Cahors,26
206,Pomino,3
207,Mount Harlan,55
208,Bourgogne Blanc,19
209,Río Negro,64
210,Gevrey-Chambertin,40
211,Charmes-Chambertin Grand Cru,40
212,Chassagne-Montrachet,43
213,Bordeaux Supérieur,22
214,Carneros,65
215,St. Estèphe,38
216,Monbazillac,26
217,Pernand-Vergelesses 1er Cru,43
218,Puligny-Montrachet,43
219,Savigny-lès-Beaune 1er Cru,43
220,Montrachet Grand Cru,43
221,Porto,28
222,Prosecco,17
223,Orcia,3
224,Ballard Canyon,55
225,Russian River Valley,48
226,Marlborough,66
227,Cortona,3
228,Vin de France,73
229,Maremma Toscana,67
230,Mâcon La Roche-Vineuse,51
231,Santa Barbara County,55
232,Stellenbosch,68
233,Aloxe-Corton 1er Cru,43
234,Rosso di Montepulciano,69
235,Napa / Sonoma,37
236,Savigny-lès-Beaune,43
237,Petit Chablis,47
238,Alexander Valley,48
239,Arroyo Grande Valley,55
240,Rosso di Montalcino,54
241,Nebbiolo d'Alba,70
242,Cognac,24
243,Bolgheri Superiore,71
244,Montefalco Rosso,72
245,Blanc de Morgex et de la Salle,31
246,Hermitage,34
247,Chambolle-Musigny 1er Cru,40
248,Pommard 1er Cru,43
249,Champagne Grand Cru,6
250,Chassagne-Montrachet 1er Cru,43
251,Volnay 1er Cru,43
