id,name
1,White Rhone Blend
2,White Blend
3,Pinot Noir
4,Zinfandel
5,Tempranillo
6,Cabernet Sauvignon
7,Bordeaux Blend
8,Glera
9,Viognier
10,Chardonnay
11,Sangiovese
12,Zinfandel Blend
13,Nebbiolo
14,Gewürztraminer
15,Chenin Blanc
16,Sauvignon Blanc
17,Chardonnay Blend
18,Merlot
19,Riesling
20,Red Blend
21,Sémillon-Sauvignon Blanc Blend
22,Pinot Gris
23,Tempranillo Blend
24,Roussanne
25,Champagne Blend
26,Grüner Veltliner
27,Maccabeu
28,Sangiovese Blend
29,Pinot Grigio
30,Grenache
31,Furmint Blend
32,Mourvèdre
33,Syrah
34,Corvina Blend
35,Rosé
36,Gamay
37,Malbec
38,Vidal
39,Barbera
40,Cabernet Franc
41,Red Rhone Blend
42,Mourvèdre Blend
43,Port Blend
44,Carménère
45,Petit Verdot
46,Cognac Blend
47,Prié Blanc
48,Syrah Blend
