id,designation,wineType,vineyard,appellation_id,varietal_id,winery_id,picture
1381,Cuvée Les Coûtes,White,"",127,16,87,uploads/wine/szcdtryudicypb0jcaox.jpeg
1382,,White,"",129,16,72,uploads/wine/ca48w8sgx7ftlmzhhjf5.jpeg
1383,Les Vignes de Maillonge,White,"",156,10,84,uploads/wine/gUTITYMiSSiaZtsrICEtmg_pb_x960.png
1384,,White,Les Thivaux,138,10,84,uploads/wine/Cw2gl4QyTWa4WAYe39aL9Q_pb_x960.png
1385,,White,Champs Royaux,190,10,102,uploads/wine/IrVzL2NgRUKLu9lh7U616Q_pb_x960.png
1386,,White,"",116,29,152,uploads/wine/terlato_pgrigio_friuli_21mv_750.webp
1387,,White,"",154,22,126,uploads/wine/tranche-cellars-pinot-gris-columbia-valley-usa-10701947.webp
1388,,Red,"",168,23,131,uploads/wine/senorio_pecina_crianza_07_750.webp
1389,,Red,"",198,13,26,uploads/wine/giovanni_rosso_langhe_nebbiolo_mv_750.webp
1390,,Dessert,Nackenheim Rothenberg,134,19,86,uploads/wine/GUNDERLOCHNACKROTHTBA375.jpeg
1391,,Dessert,"",141,27,11,uploads/wine/44878.jpeg
1392,,Dessert,"",149,24,16,uploads/wine/o_eg3lD3QPyr7BsZ-QHC7Q_pb_600x600.png
1393,Ice Wine,Dessert,"",174,38,57,uploads/wine/inniskillin_vida_lbottle.jpeg
1394,"",Dessert,"",165,21,50,""
1395,"",Dessert,"",165,21,101,""
1396,"",Dessert,"",159,2,29,""
1397,Aszú 6 Puttonyos,Dessert,"",193,31,128,""
1398,"",White,DuBrul Vineyard,149,10,23,""
1399,Tête de Cuvée,White,"",153,10,14,""
1400,"",White,"",129,10,115,""
1401,"",White,"",154,10,65,""
1402,"",White,Fennwood Vineyard,181,10,68,""
1403,Al Di La,White,"",181,10,123,""
1404,"",White,"",129,10,89,""
1405,"",White,Durant Vineyard,182,10,69,""
1406,North Valley,White,"",181,10,93,""
1407,"",White,"",199,10,163,""
1408,"",White,Les Chevalières,135,10,163,""
1409,"",White,Les Narvaux,135,10,66,""
1410,"",White,"",145,10,132,""
1411,Drouhin Vaudon,White,"",151,10,79,""
1412,"",White,Les Clos,188,10,156,""
1413,"",White,Le Pins,178,10,98,""
1414,Domaine de la Chapelle Vieilles Vignes,White,"",153,10,130,""
1415,"",White,Clos du Cailleret,142,10,45,""
1416,"",White,Les Referts,142,10,163,""
1417,Gaia & Rey,White,"",198,10,151,""
1418,"",White,"",182,10,74,""
1419,"",White,French Creek Vineyard,149,10,27,""
1420,Bramìto della Sala,White,"",133,10,90,""
1421,Blanc,White,"",177,1,37,""
1422,Blanc,White,"",186,1,85,""
1423,"",White,Côte Chatillon,191,9,18,""
1424,Reserve,White,"",148,14,44,""
1425,"",White,"",104,26,67,""
1426,"",White,Cailloux Vineyard,172,9,36,""
1427,"",White,"",129,9,82,""
1428,"",White,"",143,2,33,""
1429,"",White,"",129,15,80,""
1430,North Valley Compass Cuvée,Rosé,"",181,35,93,""
1431,"",Rosé,"",183,35,55,""
1432,On the White Keys,White,"",114,16,118,""
1433,"",White,Estate Vineyard,167,16,69,""
1434,"",White,"",124,16,24,""
1435,Estate,White,"",172,16,31,""
1436,"",White,DuBrul Vineyard,149,19,23,""
1437,Estate,White,"",172,19,143,""
1438,Poet's Leap,White,"",154,19,165,""
1439,"",White,Wehlener Sonnenuhr,121,19,154,""
1440,"",White,Wehlener Sonnenuhr,120,19,154,""
1441,"",White,"",160,19,40,""
1442,"",White,Steinert,160,19,61,""
1443,Cuvée Théo,White,"",148,19,164,""
1444,Rangen,White,Clos St.-Théobald,160,19,73,""
1445,Brut Bosco di Gica,Sparkling,"",126,8,39,""
1446,Blanc de Blanc,Sparkling,"",136,10,21,""
1447,La Cuvée,Sparkling,"",136,25,145,""
1448,"",Red,"",137,6,104,""
1449,"",Red,"",171,6,48,""
1450,Protagonist,Red,"",154,7,3,""
1451,"",Red,"",129,6,80,""
1452,Estate,Red,"",129,6,115,""
1453,"",Red,"",137,6,109,""
1454,"",Red,"",154,6,97,""
1455,"",Red,"",129,6,82,""
1456,Andreas,Red,"",139,6,2,""
1457,"",Red,Volcanic Hill,152,6,153,""
1458,"",Red,Red Rock Terrace,152,6,153,""
1459,"",Red,"",172,6,25,""
1460,"",Red,"",157,6,134,""
1461,"",Red,"",129,6,134,""
1462,"""1886""",Red,"",103,6,22,""
1463,Coach Insignia,Red,"",129,6,71,""
1464,Gabbro,Red,"",112,6,116,""
1465,Blank,Red,"",170,6,148,""
1466,Reserve,Red,"",111,6,106,""
1467,"",Red,"",172,6,34,""
1468,Red,Red,"",129,6,155,""
1469,Feather,Red,"",154,6,165,""
1470,Philip,Red,"",112,6,139,""
1471,"",Red,"",129,6,75,""
1472,"",Red,"",171,6,62,""
1473,"",Red,"",131,6,158,""
1474,True Vineyard,Red,"",157,6,13,""
1475,"",Red,"",139,6,59,""
1476,"",Red,"",172,6,59,""
1477,"",Red,"",129,6,8,""
1478,"",Red,"",154,6,81,""
1479,"",Red,"",128,6,1,""
1480,"",Red,"",157,6,99,""
1481,Estate,Red,"",129,6,32,""
1482,Estate,Red,"",103,6,24,""
1483,Estate,Red,"",170,6,114,""
1484,"",Red,"",154,6,126,""
1485,Old Vines,Red,"",154,6,31,""
1486,Artist Series,Red,"",189,6,31,""
1487,"",Red,"",129,18,48,""
1488,"",Red,"",157,18,9,""
1489,"",Red,Three Palms Vineyard,129,18,9,""
1490,"",Red,"",172,18,34,""
1491,Pedestal,Red,"",154,18,165,""
1492,"",Red,"",154,18,81,""
1493,"",Red,"",175,3,144,""
1494,"",Red,Beaux Frères Vineyard,181,3,15,""
1495,"",Red,"",182,3,58,""
1496,"",Red,"",182,3,5,""
1497,Laurène,Red,"",182,3,5,""
1498,Yamhill Cuvée,Red,"",181,3,46,""
1499,Petit Incline,Red,"",181,3,19,""
1500,"",Red,"",181,3,43,""
1501,"",Red,Marjorie Vineyard,187,3,122,""
1502,"",Red,Louise Vineyard,187,3,122,""
1503,"",Red,"",182,3,149,""
1504,"",Red,Rambouillet Vineyard,182,3,68,""
1505,"",Red,"",182,3,68,""
1506,"",Red,"",123,3,63,""
1507,The Last Chapter,Red,"",182,3,138,""
1508,The Arrow,Red,"",182,3,138,""
1509,"",Red,Mysterious,182,3,69,""
1510,Etzel Block,Red,Estate Vineyard,167,3,69,""
1511,Southing,Red,"",176,3,159,""
1512,Ten,Red,"",176,3,159,""
1513,"",Red,Mineral Springs Ranch,118,3,93,""
1514,Barrel Select,Red,"",110,3,124,""
1515,Monopole,Red,"",110,3,124,""
1516,Vigne de L'Enfant Jesus,Red,Grèves,115,3,147,""
1517,"",Red,"",150,3,147,""
1518,"",Red,"",140,3,45,""
1519,Rouge,Red,Clos des Mouches,115,3,79,""
1520,"",Red,"",197,3,98,""
1521,"",Red,"",105,3,98,""
1522,Joseph Drouhin,Red,Cuvée Maurice Drouhin,115,3,76,""
1523,"",Red,"",194,3,20,""
1524,Louis Jadot,Red,Cuvée Madeleine Collignon,119,3,76,""
1525,"",Red,"",108,3,52,""
1526,"",Red,"",108,3,136,""
1527,"",Red,"",161,3,79,""
1528,"",Red,"",182,3,74,""
1529,"",Red,"",172,11,34,""
1530,Saggi,Red,"",154,28,165,""
1531,"",Red,"",195,11,51,""
1532,Mix 36,Red,"",146,28,139,""
1533,"",Red,"",179,34,137,""
1534,"",Red,"",198,13,92,""
1535,"",Red,"",184,13,160,""
1536,Gran Selezione San Lorenzo,Red,"",117,28,94,""
1537,"",Red,Vigna Il Chiuso,146,3,94,""
1538,"",Red,"",179,34,56,""
1539,"",Red,"",196,13,151,""
1540,"",Red,Contesia,198,13,151,""
1541,"",Red,Costa Russi,198,13,151,""
1542,Sito Moresco,Red,"",198,20,151,""
1543,"",Red,Sorì San Lorenzo,198,13,151,""
1544,"",Red,Sorì Tildìn,198,13,151,""
1545,"",Red,Sperss,198,13,151,""
1546,Riserva Il Grigio,Red,"",117,28,28,""
1547,"",Red,Villero,184,13,129,""
1548,Castello di Fonterutoli,Red,"",117,28,139,""
1549,Riserva,Red,"",195,11,140,""
1550,"",Red,Bussia,184,13,146,""
1551,Arcanum,Red,"",146,7,157,""
1552,Riserva,Red,"",192,13,112,""
1553,"",Red,"",154,33,97,""
1554,"",Red,The Tribe Vineyard,172,33,141,""
1555,"",Red,Mounts Vineyard,128,33,42,""
1556,Sequel,Red,"",154,33,165,""
1557,"",Red,Rodgers Creek Vineyard,169,33,103,""
1558,"",Red,Loess Vineyard,172,33,12,""
1559,Arnaut,Red,Boushey Vineyard,149,33,105,""
1560,Nouvelère,Red,"",144,33,121,""
1561,"",Red,IX Estate,129,33,53,""
1562,"",Red,"",177,41,100,""
1563,"",Red,"",177,41,88,""
1564,"",Red,"",177,41,127,""
1565,"",Red,"",177,41,110,""
1566,La Bernardine,Red,"",177,41,113,""
1567,"",Red,"",177,41,30,""
1568,"",Red,"",163,41,161,""
1569,Suzuri Series,Red,Shake Ridge Ranch,180,41,120,""
1570,Erratic,Red,"",172,41,31,""
1571,"",Red,"",154,39,126,""
1572,Science Project,Red,"",129,40,78,""
1573,"",Red,"",154,40,126,""
1574,"",Red,"",129,40,82,""
1575,"",Red,"",129,40,80,""
1576,Les Trois Roches,Red,"",106,36,41,""
1577,God Only Knows,Red,"",172,30,36,""
1578,"",Red,Denner,110,32,10,""
1579,"",Red,Geyserville,166,12,142,""
1580,Impulsivo,Red,En Chamberlin Vineyard,172,5,36,""
1581,"",Red,"",128,4,1,""
1582,"",Red,"",172,4,135,""
1583,Justine,Red,"",154,41,105,""
1584,Kandy Red,Red,"",110,7,10,""
1585,Sanitella,Red,"",172,7,6,""
1586,The Lovers,Red,"",172,7,36,""
1587,Mountain Cuvée,Red,"",129,7,80,""
1588,Cariad,Red,"",129,7,53,""
1589,Proprietary Red,Red,"",129,7,4,""
1590,Estate Red,Red,"",154,7,97,""
1591,Carriage House,Red,"",149,7,23,""
1592,Marie's View,Red,"",139,7,2,""
1593,Estate Red,Red,"",172,7,143,""
1594,"",Red,Ferguson Vineyard,172,7,111,""
1595,Reserve,Red,"",172,7,34,""
1596,Chester-Kidder,Red,"",154,7,165,""
1597,Pirouette,Red,"",154,7,165,""
1598,"",Red,"",129,7,91,""
1599,Les Pavots,Red,"",113,7,119,""
1600,Palengat,Red,"",139,7,81,""
1601,"",Red,"",170,7,70,""
1602,"",Red,Ciel du Cheval Vineyard,137,7,133,""
1603,"",Red,"",129,7,47,""
1604,"",Red,"",107,7,7,""
1605,"",Red,"",129,7,35,""
1606,Svelte,Red,"",172,7,96,""
1607,Charbonneau,Red,"",172,7,31,""
1608,Sestina,Red,"",154,7,105,""
1609,"",Red,"",158,7,83,""
1610,"",Red,"",155,7,108,""
1611,"",Red,"",173,7,162,""
1612,"",Red,"",109,7,95,""
1613,"",Red,"",125,7,117,""
1614,"",Red,"",185,7,64,""
1615,"",Red,"",147,7,54,""
1616,"",Red,"",132,7,38,""
1617,"",Red,"",125,7,125,""
1618,"",Red,"",185,7,77,""
1619,"",Red,"",185,7,49,""
1620,"",Red,"",182,3,166,""
1621,"""Y""",White,"",200,21,50,""
1622,A Shot in the Dark,Red,"",154,7,97,""
1623,Terrace Select,Red,"",128,6,1,""
1624,"",Red,"",172,33,167,""
1625,"",Red,Finca Altamira,201,37,60,""
1626,"",Red,"",202,5,168,""
1627,"",Red,"",155,7,169,""
1628,Ampersand,Red,"",129,6,155,""
1629,"",Red,"",129,6,170,""
1630,Tignanello,Red,"",112,28,90,""
1631,Altagracia,Red,"",129,7,171,""
1632,"",White,Eisele Vineyard,129,16,171,""
1633,"",Red,"",171,6,172,""
1634,Brut,Sparkling,"",136,25,173,""
1635,"",Red,"",117,28,174,""
1636,Ursa,Red,"",154,7,175,""
1637,Rosé,Rosé,"",143,35,33,""
1638,Rouge,Red,"",143,42,33,""
1639,"",Red,"",195,11,176,""
1640,"",Red,Cyrus-Ryan Vineyard,129,6,177,""
1641,"",Red,Rattlesnake Hill,203,6,177,""
1642,Double Barrel,Red,"",154,6,178,""
1643,"",White,Beaux Frères Vineyard,181,10,15,""
1644,Cuvée '59,Red,Beaux Frères Vineyard,181,3,15,""
1645,"",Red,"",204,3,179,""
1646,Estate Reserve,Red,"",118,3,180,""
1647,"Bellefleur de Haute-Serre, Rosé",Sparkling,"",205,37,181,""
1648,Castello di Pomino Bianco Riserva,White,Benefizio,206,10,182,""
1649,"",Red,Shea Vineyard,118,3,183,""
1650,"",Red,"",129,6,184,""
1651,"",Red,"",179,34,185,""
1652,Outcast,Red,"",154,40,178,""
1653,"",Red,Dancing Bear Ranch,157,7,186,""
1654,"",Red,Jensen Vineyard,207,3,187,""
1655,"",White,"",208,10,188,""
1656,Castello di Fonterutoli Gran Selezione,Red,"",117,28,139,""
1657,"",Red,"",129,6,189,""
1658,Bionic Frog,Red,"",172,33,36,""
1659,"",Red,Cailloux Vineyard,172,33,36,""
1660,Camaspelo,Red,"",172,7,36,""
1661,Edith Rosé,Rosé,"",172,30,36,""
1662,"",White,Cailloux Vineyard,172,9,36,""
1663,Wallah Wallah Special #5,Red,"",172,33,36,""
1664,"",Red,En Cerise Vineyard,172,33,36,""
1665,Flying Pig,Red,"",172,7,36,""
1666,The Widowmaker,Red,En Chamberlin Vineyard,172,6,36,""
1667,"",Red,"",179,34,190,""
1668,"",Red,"",185,7,191,""
1669,"",Red,"",185,7,192,""
1670,Treinta y Dos,Red,"",209,3,193,""
1671,Blanc,White,Clos des Mouches,115,10,194,""
1672,"",Red,"",210,3,194,""
1673,Cuvée Vieilles Vignes,Red,"",210,3,98,""
1674,Très Vieilles Vignes,Red,"",211,3,195,""
1675,"",White,"",212,10,79,""
1676,"",Red,"",173,7,196,""
1677,"",Red,"",173,7,197,""
1678,"",Red,"",125,7,198,""
1679,Cuvée Prestige,Red,"",205,37,199,""
1680,"",Red,"",205,37,199,""
1681,"",Red,"",155,7,200,""
1682,"",Red,"",177,41,201,""
1683,"",Dessert,"",165,16,202,""
1684,"",Red,"",155,7,203,""
1685,"",Red,"",185,7,204,""
1686,Grand Vin,Red,"",185,7,205,""
1687,"",Red,"",155,7,206,""
1688,"",Red,"",173,7,207,""
1689,"",Red,"",155,7,208,""
1690,"",Red,"",155,7,209,""
1691,"",Dessert,"",165,21,210,""
1692,"",Red,"",213,7,211,""
1693,"",Red,"",149,18,212,""
1694,"",White,"",214,10,213,""
1695,Renovação,White,"",181,22,214,""
1696,Confero,Red,"",181,3,215,""
1697,"",Red,"",172,40,97,""
1698,"",Red,"",172,37,97,""
1699,"",Red,"",215,7,216,""
1700,Cuvée Madame,Dessert,"",216,21,217,""
1701,Haute Pierre,Red,"",177,41,218,""
1702,Lot 2,Red,Upchurch,137,6,219,""
1703,D2,Red,"",154,7,219,""
1704,"",Red,"",154,18,219,""
1705,"",Red,"",117,28,220,""
1706,"",White,Les Caradeux,217,10,194,""
1707,"",White,"",218,10,194,""
1708,"",Red,La Dominode,219,3,194,""
1709,Blanc,White,"",125,21,221,""
1710,"",Red,"",177,41,222,""
1711,"",White,"",208,10,223,""
1712,"",White,"",220,10,223,""
1713,Brut Rosé - Prestige Cuvee,Sparkling,"",122,25,224,""
1714,"",Red,Jerusalem Hill,181,3,46,""
1715,Vintage,Dessert,"",221,43,225,""
1716,"",White,"",190,10,79,""
1717,"",Red,"",129,6,226,""
1718,"",Red,Tench Vineyard,129,6,226,""
1719,"",Red,"",103,6,22,""
1720,"",Red,"",181,3,227,""
1721,"",Red,Todeschini Asteria,173,7,228,""
1722,Extra Dry Spumante,Sparkling,"",222,8,229,""
1723,"",Red,"",111,6,230,""
1724,"",Red,"",129,6,231,""
1725,Reserva V,Red,"",168,23,232,""
1726,"",Red,Champoux Vineyard,139,18,233,""
1727,The F in Red,Red,"",129,7,234,""
1728,Lauren Bryce,Red,"",129,6,234,""
1729,Rocket Juice,Red,"",129,7,234,""
1730,"",White,"",129,10,235,""
1731,"",Red,"",129,6,236,""
1732,"",Red,"",129,18,236,""
1733,Pieve Santa Restituta,Red,"",195,11,151,""
1734,Sito Moresco,Red,"",198,20,151,""
1735,Géron Dadine de Haute-Serre Cuvée Prestige,Red,"",205,37,199,""
1736,Vintage,Dessert,"",221,43,237,""
1737,"",Red,"",154,6,238,""
1738,John Lewis Reserve,Red,"",172,33,238,""
1739,"",Red,"",111,6,106,""
1740,"",White,"",129,16,106,""
1741,Guardiavigna,Red,"",223,7,239,""
1742,"",Red,"",111,7,240,""
1743,"",Red,"",224,33,241,""
1744,"",Red,"",129,6,242,""
1745,Generations,Red,"",225,3,243,""
1746,"",Red,"",129,6,244,""
1747,"""Hugel""",White,"",148,22,245,""
1748,Reserve,White,"",226,16,246,""
1749,Icône Wow,Red,"",205,37,199,""
1750,Il Bosco,Red,"",227,33,247,""
1751,Illumination,White,"",129,16,70,""
1752,"",Red,"",129,18,78,""
1753,"",Red,"",181,3,248,""
1754,"",Red,"",172,40,249,""
1755,Estate Red,Red,Margaret's Vineyard,172,7,249,""
1756,Louisa,Red,Margaret's Vineyard,172,18,249,""
1757,"",White,Klipsun Vineyard,137,16,249,""
1758,Insignia,Red,"",129,7,250,""
1759,Reserve,Red,"",110,5,251,""
1760,"",Red,"",129,6,252,""
1761,"",Red,"",186,41,253,""
1762,Black Bart,Red,Stagecoach Vineyard,129,33,254,""
1763,Apogée,Red,Pepper Bridge Vineyard,172,7,111,""
1764,La Bestia,Red,"",137,6,123,""
1765,"",White,Fourchaume,151,10,255,""
1766,"",Red,"",175,3,123,""
1767,"",Sparkling,"",222,8,256,""
1768,Cuvée Rosé Brut,Rosé,"",136,25,145,""
1769,"",Red,"",173,7,257,""
1770,"",Red,"",172,6,111,""
1771,"",Red,"",109,7,258,""
1772,"",White,Les Noëls de Montbenault,228,15,259,""
1773,"",Red,"",129,6,260,""
1774,Mason's,Red,"",129,6,260,""
1775,"",Red,Xander Taryn Vineyard,175,3,261,""
1776,"",Red,"",229,7,262,""
1777,"",White,"",135,10,263,""
1778,"",White,"",230,10,264,""
1779,"",Red,Three Sisters Vineyard,169,3,265,""
1780,M5,Red,"",231,41,266,""
1781,Long Haul,Red,"",137,7,267,""
1782,"",Red,"",129,6,268,""
1783,"",White,Les Clous,135,10,147,""
1784,Mev. Kirsten,White,"",232,15,269,""
1785,"",Red,"",225,3,270,""
1786,"",Red,"",211,3,271,""
1787,Brut Impérial,Sparkling,"",136,25,272,""
1788,"",Red,Clos du Chapitre,233,3,273,""
1789,"",Red,"",129,18,274,""
1790,Proprietary Red,Red,"",129,7,274,""
1791,Amalia,White,"",129,10,8,""
1792,"",Red,"",137,18,59,""
1793,"",Red,Freedom Hill Vineyard,181,3,69,""
1794,"",Red,Olenik Vineyard,175,3,69,""
1795,"",Red,"",172,6,275,""
1796,Belle Côte,White,"",113,10,119,""
1797,"",Dessert,"",159,2,276,""
1798,Piovesole,Red,"",179,34,277,""
1799,Poet's Leap Ice Wine,Dessert,"",154,19,165,""
1800,"",Red,"",234,11,278,""
1801,"",White,Les Champs-Gain,142,10,194,""
1802,"",Red,"",129,6,279,""
1803,"",Red,"",235,18,279,""
1804,"",Red,"",166,33,279,""
1805,"",Red,"",170,6,280,""
1806,Riserva,Red,"",117,28,281,""
1807,CVR,Red,"",154,7,81,""
1808,"",Red,Galitzine Vineyard,137,6,81,""
1809,"""R""",Rosé,"",122,35,46,""
1810,"",Red,"",129,6,103,""
1811,In the Rocks,Red,"",172,33,282,""
1812,In the Hills,Red,"",172,33,282,""
1813,Stonessence,Red,"",172,33,282,""
1814,Affinity,Red,"",129,6,283,""
1815,"",Red,"",129,18,99,""
1816,Reserve,Red,"",111,6,284,""
1817,Reserve,Red,"",214,3,284,""
1818,"",Red,"",225,3,285,""
1819,Royal City,Red,"",154,33,286,""
1820,"",Red,Cerise Vineyard,123,3,287,""
1821,"",Red,"",236,3,79,""
1822,Blanc de Noirs,Sparkling,"",129,3,288,""
1823,Second Flight,Red,"",129,7,289,""
1824,"",White,Sur les Clos,237,10,156,""
1825,Estate,Red,Shea Vineyard,118,3,290,""
1826,"",Red,"",149,6,291,""
1827,Shoup Red,Red,"",154,7,165,""
1828,"",Red,"",238,6,292,""
1829,"",Red,"",129,6,292,""
1830,"",Red,"",129,18,293,""
1831,"",Red,"",154,6,294,""
1832,Reserve,Red,"",182,3,295,""
1833,"",Red,"",239,3,296,""
1834,"",Red,Rosemary's Vineyard,239,3,296,""
1835,Vintage,Dessert,"",221,43,297,""
1836,The Prisoner,Red,"",129,12,298,""
1837,"",Red,"",172,6,96,""
1838,"",Red,"",181,3,299,""
1839,Pink Pape,Rosé,Blackrock Vineyard,149,35,126,""
1840,Slice of Pape,Red,"",172,41,126,""
1841,Slice of Pape Blanc,White,Blue Mountain Vineyard,172,1,126,""
1842,Roussanne-Viognier,White,"",154,1,126,""
1843,Trutina,Red,"",154,7,301,""
1844,Trilogy,Red,"",129,7,302,""
1845,Tradition Prestige,White,"",186,1,303,""
1846,"",Red,"",240,11,304,""
1847,Brut,Sparkling,"",136,25,305,""
1848,Millesimato,Sparkling,"",222,8,306,""
1849,"",Red,Raine,241,13,307,""
1850,"",Red,"",195,11,304,""
1851,Vürsù,Red,Vigneto Campè,184,13,308,""
1852,21 Grams,Red,"",154,6,12,""
1853,Reserve,Red,"",154,6,12,""
1854,Rosé,Rosé,Patina Vineyard,172,33,12,""
1855,"",Red,Winston Hill,170,7,309,""
1856,Estate Red Wine,Red,"",172,7,31,""
1857,"",Red,"",154,18,31,""
1858,Wavelength,Red,Sugarloaf Mountain Vineyard,129,20,310,""
1859,Le Rouvre,Red,"",144,33,311,""
1860,"",Red,Guadalupe Vineyard,181,3,312,""
1861,"",Red,Clos des Mouches,115,3,194,""
1862,"",Red,"",236,3,313,""
1863,Brut,Sparkling,"",136,25,314,""
1864,"",Other,"",242,46,315,""
1865,Ornellaia,Red,"",243,7,316,""
1866,"",Red,"",244,28,317,""
1867,"",White,"",114,10,318,""
1868,"",White,Trittenheimer Apotheke,121,19,319,""
1869,"",White,"",245,47,320,""
1870,"J. Boutin ""Arena Mica""",Red,"",246,33,321,""
1871,Northern Blend,Red,"",189,48,322,""
1872,Les Sétilles,White,"",208,10,323,""
1873,"",Red,"",225,3,226,""
1874,"",Red,Roma's Vineyard,123,3,324,""
1875,"",White,Hyde Vineyard,214,10,103,""
1876,"",Red,"",179,34,325,""
1877,River Beauty,Red,"",154,33,326,""
1878,"",Red,"",150,3,79,""
1879,"",Red,"",129,6,327,""
1880,Riserva,Red,"",184,13,328,""
1881,Estate,Red,"",231,3,329,""
1882,"",Red,"",211,3,330,""
1883,"",Red,La Combe d'Orveau,247,3,331,""
1884,"",Red,La Chanière,248,3,332,""
1885,"",Red,"",172,33,333,""
1886,"",Red,"",225,3,334,""
1887,Blanc de Blancs Brut,Sparkling,"",249,10,335,""
1888,"",White,Clos Chareau,250,10,336,""
1889,"",Red,Les Chevrets,251,3,337,""
1890,Joli Coeur,Red,"",169,3,338,""
1891,"",White,La Maltroie,250,10,132,""
1892,"",Red,"",109,7,339,""
1893,Fontalloro,Red,"",112,11,340,uploads/wine/thumb_463x1162_2018-3777-750.jpeg
