id,password,last_login,is_superuser,username,last_name,email,is_staff,is_active,date_joined,first_name
1,pbkdf2_sha256$390000$ChMgBcgu21b9EZZEPEsB5j$7RUoGuqhnzAMAno/1bG5aFRRRlkAJ8xa+38QILcj1zI=,2024-06-01 20:52:56.477081,1,admin,"","",1,1,2024-05-28 23:49:35.906852,""
2,pbkdf2_sha256$390000$jePJE7H4fKaEgYtndGgyYh$/lGxIbteux0Q5Tm/pbjP3D2fY3i8KwE303wG/X61FR0=,2024-06-01 20:54:30.163664,1,FenrisLu,"",fenrisludwig@gmail.com,1,1,2024-05-29 08:29:32,""
3,pbkdf2_sha256$600000$HEbt9gKb8eY1oYBa0ZAZFm$uFyGyoSuWUssFGVOxdk9sNnH+CzA48sdTrvtAqltfTc=,2024-05-29 09:22:21.113250,0,testaccount,"","",0,1,2024-05-29 09:18:29.774400,""
4,pbkdf2_sha256$600000$Nss8cxPj4zbRHcIsYddxax$jycazz4mP4rLQQG8CCtZtNwvwXPXHM3NH7q1hVJIgkY=,2024-05-29 23:55:50.877512,0,test,"","",0,1,2024-05-29 23:55:40.197080,""
5,pbkdf2_sha256$720000$PV1zYMWryf9Hm9RGAbdSXD$AMg4BxPXZNFjEiXwOrzyDJfYZVtX3sPv65RZX00wABk=,2024-06-01 16:40:30.981095,0,WineSnob111,"","",0,1,2024-05-31 04:00:39.166912,""
