id,content_type_id,codename,name
1,1,add_logentry,Can add log entry
2,1,change_logentry,Can change log entry
3,1,delete_logentry,Can delete log entry
4,1,view_logentry,Can view log entry
5,2,add_permission,Can add permission
6,2,change_permission,Can change permission
7,2,delete_permission,Can delete permission
8,2,view_permission,Can view permission
9,3,add_group,Can add group
10,3,change_group,Can change group
11,3,delete_group,Can delete group
12,3,view_group,Can view group
13,4,add_user,Can add user
14,4,change_user,Can change user
15,4,delete_user,Can delete user
16,4,view_user,Can view user
17,5,add_contenttype,Can add content type
18,5,change_contenttype,Can change content type
19,5,delete_contenttype,Can delete content type
20,5,view_contenttype,Can view content type
21,6,add_session,Can add session
22,6,change_session,Can change session
23,6,delete_session,Can delete session
24,6,view_session,Can view session
25,7,add_winery,Can add winery
26,7,change_winery,Can change winery
27,7,delete_winery,Can delete winery
28,7,view_winery,Can view winery
29,8,add_userinformation,Can add user information
30,8,change_userinformation,Can change user information
31,8,delete_userinformation,Can delete user information
32,8,view_userinformation,Can view user information
33,9,add_rating,Can add rating
34,9,change_rating,Can change rating
35,9,delete_rating,Can delete rating
36,9,view_rating,Can view rating
37,10,add_userlogin,Can add user log in
38,10,change_userlogin,Can change user log in
39,10,delete_userlogin,Can delete user log in
40,10,view_userlogin,Can view user log in
41,11,add_appellation,Can add appellation
42,11,change_appellation,Can change appellation
43,11,delete_appellation,Can delete appellation
44,11,view_appellation,Can view appellation
45,12,add_country,Can add country
46,12,change_country,Can change country
47,12,delete_country,Can delete country
48,12,view_country,Can view country
49,13,add_wine,Can add wine
50,13,change_wine,Can change wine
51,13,delete_wine,Can delete wine
52,13,view_wine,Can view wine
53,14,add_varietal,Can add varietal
54,14,change_varietal,Can change varietal
55,14,delete_varietal,Can delete varietal
56,14,view_varietal,Can view varietal
57,15,add_region,Can add region
58,15,change_region,Can change region
59,15,delete_region,Can delete region
60,15,view_region,Can view region
