id,app,name,applied
1,contenttypes,0001_initial,2024-05-01 10:54:33.447753
2,auth,0001_initial,2024-05-01 10:54:33.455259
3,admin,0001_initial,2024-05-01 10:54:33.459924
4,admin,0002_logentry_remove_auto_add,2024-05-01 10:54:33.465483
5,admin,0003_logentry_add_action_flag_choices,2024-05-01 10:54:33.468765
6,contenttypes,0002_remove_content_type_name,2024-05-01 10:54:33.478663
7,auth,0002_alter_permission_name_max_length,2024-05-01 10:54:33.483733
8,auth,0003_alter_user_email_max_length,2024-05-01 10:54:33.488522
9,auth,0004_alter_user_username_opts,2024-05-01 10:54:33.491948
10,auth,0005_alter_user_last_login_null,2024-05-01 10:54:33.497271
11,auth,0006_require_contenttypes_0002,2024-05-01 10:54:33.498062
12,auth,0007_alter_validators_add_error_messages,2024-05-01 10:54:33.501326
13,auth,0008_alter_user_username_max_length,2024-05-01 10:54:33.506429
14,auth,0009_alter_user_last_name_max_length,2024-05-01 10:54:33.512514
15,auth,0010_alter_group_name_max_length,2024-05-01 10:54:33.517242
16,auth,0011_update_proxy_permissions,2024-05-01 10:54:33.520238
17,auth,0012_alter_user_first_name_max_length,2024-05-01 10:54:33.524974
18,sessions,0001_initial,2024-05-01 10:54:33.526661
19,app,0001_initial,2024-05-28 23:49:03.417949
20,app,0002_alter_wine_picture,2024-05-28 23:58:24.628143
21,app,0003_alter_region_parentregion,2024-05-29 00:17:07.963840
22,app,0004_alter_rating_user_delete_userinformation,2024-05-29 09:49:04.589556
23,app,0005_delete_userlogin,2024-05-29 09:49:04.592273
