type,name,tbl_name,rootpage,sql
table,django_migrations,django_migrations,2,"CREATE TABLE ""django_migrations"" (""id"" integer NOT NULL PRIMARY KEY AUTOINCREMENT, ""app"" varchar(255) NOT NULL, ""name"" varchar(255) NOT NULL, ""applied"" datetime NOT NULL)"
table,sqlite_sequence,sqlite_sequence,3,"CREATE TABLE sqlite_sequence(name,seq)"
table,auth_group_permissions,auth_group_permissions,9,"CREATE TABLE ""auth_group_permissions"" (""id"" integer NOT NULL PRIMARY KEY AUTOINCREMENT, ""group_id"" integer NOT NULL REFERENCES ""auth_group"" (""id"") DEFERRABLE INITIALLY DEFERRED, ""permission_id"" integer NOT NULL REFERENCES ""auth_permission"" (""id"") DEFERRABLE INITIALLY DEFERRED)"
table,auth_user_groups,auth_user_groups,12,"CREATE TABLE ""auth_user_groups"" (""id"" integer NOT NULL PRIMARY KEY AUTOINCREMENT, ""user_id"" integer NOT NULL REFERENCES ""auth_user"" (""id"") DEFERRABLE INITIALLY DEFERRED, ""group_id"" integer NOT NULL REFERENCES ""auth_group"" (""id"") DEFERRABLE INITIALLY DEFERRED)"
table,auth_user_user_permissions,auth_user_user_permissions,13,"CREATE TABLE ""auth_user_user_permissions"" (""id"" integer NOT NULL PRIMARY KEY AUTOINCREMENT, ""user_id"" integer NOT NULL REFERENCES ""auth_user"" (""id"") DEFERRABLE INITIALLY DEFERRED, ""permission_id"" integer NOT NULL REFERENCES ""auth_permission"" (""id"") DEFERRABLE INITIALLY DEFERRED)"
index,auth_group_permissions_group_id_permission_id_0cd325b0_uniq,auth_group_permissions,16,"CREATE UNIQUE INDEX ""auth_group_permissions_group_id_permission_id_0cd325b0_uniq"" ON ""auth_group_permissions"" (""group_id"", ""permission_id"")"
index,auth_group_permissions_group_id_b120cbf9,auth_group_permissions,17,"CREATE INDEX ""auth_group_permissions_group_id_b120cbf9"" ON ""auth_group_permissions"" (""group_id"")"
index,auth_group_permissions_permission_id_84c5c92e,auth_group_permissions,18,"CREATE INDEX ""auth_group_permissions_permission_id_84c5c92e"" ON ""auth_group_permissions"" (""permission_id"")"
index,auth_user_groups_user_id_group_id_94350c0c_uniq,auth_user_groups,19,"CREATE UNIQUE INDEX ""auth_user_groups_user_id_group_id_94350c0c_uniq"" ON ""auth_user_groups"" (""user_id"", ""group_id"")"
index,auth_user_groups_user_id_6a12ed8b,auth_user_groups,20,"CREATE INDEX ""auth_user_groups_user_id_6a12ed8b"" ON ""auth_user_groups"" (""user_id"")"
index,auth_user_groups_group_id_97559544,auth_user_groups,22,"CREATE INDEX ""auth_user_groups_group_id_97559544"" ON ""auth_user_groups"" (""group_id"")"
index,auth_user_user_permissions_user_id_permission_id_14a6b632_uniq,auth_user_user_permissions,24,"CREATE UNIQUE INDEX ""auth_user_user_permissions_user_id_permission_id_14a6b632_uniq"" ON ""auth_user_user_permissions"" (""user_id"", ""permission_id"")"
index,auth_user_user_permissions_user_id_a95ead1b,auth_user_user_permissions,25,"CREATE INDEX ""auth_user_user_permissions_user_id_a95ead1b"" ON ""auth_user_user_permissions"" (""user_id"")"
index,auth_user_user_permissions_permission_id_1fbb5f2c,auth_user_user_permissions,26,"CREATE INDEX ""auth_user_user_permissions_permission_id_1fbb5f2c"" ON ""auth_user_user_permissions"" (""permission_id"")"
table,django_admin_log,django_admin_log,30,"CREATE TABLE ""django_admin_log"" (""id"" integer NOT NULL PRIMARY KEY AUTOINCREMENT, ""object_id"" text NULL, ""object_repr"" varchar(200) NOT NULL, ""action_flag"" smallint unsigned NOT NULL CHECK (""action_flag"" >= 0), ""change_message"" text NOT NULL, ""content_type_id"" integer NULL REFERENCES ""django_content_type"" (""id"") DEFERRABLE INITIALLY DEFERRED, ""user_id"" integer NOT NULL REFERENCES ""auth_user"" (""id"") DEFERRABLE INITIALLY DEFERRED, ""action_time"" datetime NOT NULL)"
index,django_admin_log_content_type_id_c4bce8eb,django_admin_log,27,"CREATE INDEX ""django_admin_log_content_type_id_c4bce8eb"" ON ""django_admin_log"" (""content_type_id"")"
index,django_admin_log_user_id_c564eba6,django_admin_log,28,"CREATE INDEX ""django_admin_log_user_id_c564eba6"" ON ""django_admin_log"" (""user_id"")"
table,django_content_type,django_content_type,5,"CREATE TABLE ""django_content_type"" (""id"" integer NOT NULL PRIMARY KEY AUTOINCREMENT, ""app_label"" varchar(100) NOT NULL, ""model"" varchar(100) NOT NULL)"
index,django_content_type_app_label_model_76bd3d3b_uniq,django_content_type,4,"CREATE UNIQUE INDEX ""django_content_type_app_label_model_76bd3d3b_uniq"" ON ""django_content_type"" (""app_label"", ""model"")"
table,auth_permission,auth_permission,29,"CREATE TABLE ""auth_permission"" (""id"" integer NOT NULL PRIMARY KEY AUTOINCREMENT, ""content_type_id"" integer NOT NULL REFERENCES ""django_content_type"" (""id"") DEFERRABLE INITIALLY DEFERRED, ""codename"" varchar(100) NOT NULL, ""name"" varchar(255) NOT NULL)"
index,auth_permission_content_type_id_codename_01ab375a_uniq,auth_permission,6,"CREATE UNIQUE INDEX ""auth_permission_content_type_id_codename_01ab375a_uniq"" ON ""auth_permission"" (""content_type_id"", ""codename"")"
index,auth_permission_content_type_id_2f476e4b,auth_permission,14,"CREATE INDEX ""auth_permission_content_type_id_2f476e4b"" ON ""auth_permission"" (""content_type_id"")"
table,auth_group,auth_group,15,"CREATE TABLE ""auth_group"" (""id"" integer NOT NULL PRIMARY KEY AUTOINCREMENT, ""name"" varchar(150) NOT NULL UNIQUE)"
index,sqlite_autoindex_auth_group_1,auth_group,31,
table,auth_user,auth_user,7,"CREATE TABLE ""auth_user"" (""id"" integer NOT NULL PRIMARY KEY AUTOINCREMENT, ""password"" varchar(128) NOT NULL, ""last_login"" datetime NULL, ""is_superuser"" bool NOT NULL, ""username"" varchar(150) NOT NULL UNIQUE, ""last_name"" varchar(150) NOT NULL, ""email"" varchar(254) NOT NULL, ""is_staff"" bool NOT NULL, ""is_active"" bool NOT NULL, ""date_joined"" datetime NOT NULL, ""first_name"" varchar(150) NOT NULL)"
index,sqlite_autoindex_auth_user_1,auth_user,8,
table,django_session,django_session,10,"CREATE TABLE ""django_session"" (""session_key"" varchar(40) NOT NULL PRIMARY KEY, ""session_data"" text NOT NULL, ""expire_date"" datetime NOT NULL)"
index,sqlite_autoindex_django_session_1,django_session,11,
index,django_session_expire_date_a5c62663,django_session,32,"CREATE INDEX ""django_session_expire_date_a5c62663"" ON ""django_session"" (""expire_date"")"
table,app_country,app_country,34,"CREATE TABLE ""app_country"" (""id"" integer NOT NULL PRIMARY KEY AUTOINCREMENT, ""name"" varchar(50) NOT NULL UNIQUE, ""abbreviation"" varchar(4) NOT NULL)"
index,sqlite_autoindex_app_country_1,app_country,35,
table,app_varietal,app_varietal,37,"CREATE TABLE ""app_varietal"" (""id"" integer NOT NULL PRIMARY KEY AUTOINCREMENT, ""name"" varchar(50) NOT NULL)"
table,app_winery,app_winery,38,"CREATE TABLE ""app_winery"" (""id"" integer NOT NULL PRIMARY KEY AUTOINCREMENT, ""name"" varchar(50) NOT NULL)"
table,app_appellation,app_appellation,44,"CREATE TABLE ""app_appellation"" (""id"" integer NOT NULL PRIMARY KEY AUTOINCREMENT, ""name"" varchar(50) NOT NULL, ""region_id"" bigint NOT NULL REFERENCES ""app_region"" (""id"") DEFERRABLE INITIALLY DEFERRED)"
index,app_appellation_region_id_cafc4a94,app_appellation,52,"CREATE INDEX ""app_appellation_region_id_cafc4a94"" ON ""app_appellation"" (""region_id"")"
table,app_wine,app_wine,53,"CREATE TABLE ""app_wine"" (""id"" integer NOT NULL PRIMARY KEY AUTOINCREMENT, ""designation"" varchar(50) NULL, ""wineType"" varchar(10) NOT NULL, ""vineyard"" varchar(50) NOT NULL, ""appellation_id"" bigint NOT NULL REFERENCES ""app_appellation"" (""id"") DEFERRABLE INITIALLY DEFERRED, ""varietal_id"" bigint NOT NULL REFERENCES ""app_varietal"" (""id"") DEFERRABLE INITIALLY DEFERRED, ""winery_id"" bigint NOT NULL REFERENCES ""app_winery"" (""id"") DEFERRABLE INITIALLY DEFERRED, ""picture"" varchar(100) NULL)"
index,app_wine_appellation_id_a0d56494,app_wine,33,"CREATE INDEX ""app_wine_appellation_id_a0d56494"" ON ""app_wine"" (""appellation_id"")"
index,app_wine_varietal_id_647b82af,app_wine,39,"CREATE INDEX ""app_wine_varietal_id_647b82af"" ON ""app_wine"" (""varietal_id"")"
index,app_wine_winery_id_7f6fc49a,app_wine,45,"CREATE INDEX ""app_wine_winery_id_7f6fc49a"" ON ""app_wine"" (""winery_id"")"
table,app_region,app_region,46,"CREATE TABLE ""app_region"" (""id"" integer NOT NULL PRIMARY KEY AUTOINCREMENT, ""name"" varchar(50) NOT NULL, ""country_id"" bigint NOT NULL REFERENCES ""app_country"" (""id"") DEFERRABLE INITIALLY DEFERRED, ""parentRegion_id"" bigint NULL REFERENCES ""app_region"" (""id"") DEFERRABLE INITIALLY DEFERRED)"
index,app_region_country_id_900cefa3,app_region,41,"CREATE INDEX ""app_region_country_id_900cefa3"" ON ""app_region"" (""country_id"")"
index,app_region_parentRegion_id_9694e4bd,app_region,48,"CREATE INDEX ""app_region_parentRegion_id_9694e4bd"" ON ""app_region"" (""parentRegion_id"")"
table,app_rating,app_rating,69,"CREATE TABLE ""app_rating"" (""id"" integer NOT NULL PRIMARY KEY AUTOINCREMENT, ""vintage"" smallint unsigned NOT NULL CHECK (""vintage"" >= 0), ""timestamp"" datetime NOT NULL, ""rating"" smallint unsigned NOT NULL CHECK (""rating"" >= 0), ""tannin"" smallint unsigned NOT NULL CHECK (""tannin"" >= 0), ""sweetness"" smallint unsigned NOT NULL CHECK (""sweetness"" >= 0), ""alcohol"" smallint unsigned NOT NULL CHECK (""alcohol"" >= 0), ""acidity"" smallint unsigned NOT NULL CHECK (""acidity"" >= 0), ""body"" smallint unsigned NOT NULL CHECK (""body"" >= 0), ""finish"" smallint unsigned NOT NULL CHECK (""finish"" >= 0), ""price"" real NOT NULL, ""comment"" text NULL, ""wine_id"" bigint NOT NULL REFERENCES ""app_wine"" (""id"") DEFERRABLE INITIALLY DEFERRED, ""user_id"" integer NOT NULL REFERENCES ""auth_user"" (""id"") DEFERRABLE INITIALLY DEFERRED)"
index,app_rating_wine_id_1ccfb2d8,app_rating,43,"CREATE INDEX ""app_rating_wine_id_1ccfb2d8"" ON ""app_rating"" (""wine_id"")"
index,app_rating_user_id_3d95154b,app_rating,50,"CREATE INDEX ""app_rating_user_id_3d95154b"" ON ""app_rating"" (""user_id"")"
